                  epoch,         train/box_loss,         train/cls_loss,         train/dfl_loss,   metrics/precision(B),      metrics/recall(B),       metrics/mAP50(B),    metrics/mAP50-95(B),           val/box_loss,           val/cls_loss,           val/dfl_loss,                 lr/pg0,                 lr/pg1,                 lr/pg2
                      1,                 1.3831,                 1.1715,                 1.5577,                0.82205,                0.62429,                0.69689,                0.38993,                 1.5889,                 1.1362,                 1.8046,             0.00047414,             0.00047414,             0.00047414
                      2,                 1.4202,                 1.1945,                 1.5776,                0.79565,                0.61329,                0.68359,                0.37908,                 1.6339,                 1.2004,                 1.8545,             0.00076228,             0.00076228,             0.00076228
                      3,                 1.4292,                 1.2172,                 1.5899,                0.78889,                0.61708,                 0.6805,                0.38162,                 1.5877,                 1.1652,                 1.8136,             0.00086179,             0.00086179,             0.00086179
                      4,                 1.4144,                 1.1853,                 1.5728,                 0.8026,                0.63274,                0.70128,                0.40638,                 1.5342,                 1.0966,                 1.7634,             0.00058017,             0.00058017,             0.00058017
                      5,                  1.367,                 1.1344,                 1.5405,                0.82817,                0.64334,                0.72325,                0.42628,                 1.4816,                 1.0412,                 1.7197,             0.00029723,             0.00029723,             0.00029723
